<?xml version="1.0" encoding="UTF-8"?>
<project xsi:schemaLocation="http://maven.apache.org/POM/4.0.0 https://maven.apache.org/xsd/maven-4.0.0.xsd" xmlns="http://maven.apache.org/POM/4.0.0"
    xmlns:xsi="http://www.w3.org/2001/XMLSchema-instance">
  <modelVersion>4.0.0</modelVersion>
  <parent>
    <groupId>app.coronawarn.server</groupId>
    <artifactId>common</artifactId>
    <version>3.3.0-SNAPSHOT</version>
  </parent>
  <groupId>app.coronawarn.server</groupId>
  <artifactId>protocols</artifactId>
  <version>3.3.0-SNAPSHOT</version>
  <properties>
    <checkstyle.skip>true</checkstyle.skip>
    <maven.test.skip>true</maven.test.skip>
    <jacoco.skip>true</jacoco.skip>
  </properties>
  <dependencies>
    <dependency>
      <groupId>com.google.protobuf</groupId>
      <artifactId>protobuf-java</artifactId>
    </dependency>
  </dependencies>
  <build>
    <plugins>
      <plugin>
        <artifactId>maven-compiler-plugin</artifactId>
        <configuration>
          <compilerArgs>
            <arg>-Xlint:none</arg>
          </compilerArgs>
        </configuration>
      </plugin>
      <plugin>
        <groupId>org.xolstice.maven.plugins</groupId>
        <artifactId>protobuf-maven-plugin</artifactId>
      </plugin>
    </plugins>
  </build>
</project>
