<?xml version="1.0" encoding="UTF-8"?>
<project xsi:schemaLocation="http://maven.apache.org/POM/4.0.0 https://maven.apache.org/xsd/maven-4.0.0.xsd" xmlns="http://maven.apache.org/POM/4.0.0"
    xmlns:xsi="http://www.w3.org/2001/XMLSchema-instance">
  <modelVersion>4.0.0</modelVersion>
  <parent>
    <groupId>app.coronawarn.server</groupId>
    <artifactId>services</artifactId>
    <version>3.3.0-SNAPSHOT</version>
  </parent>
  <groupId>app.coronawarn.server</groupId>
  <artifactId>distribution</artifactId>
  <version>3.3.0-SNAPSHOT</version>
  <properties>
    <start-class>app.coronawarn.server.services.distribution.Application</start-class>
  </properties>
  <dependencies>
    <dependency>
      <groupId>software.amazon.awssdk</groupId>
      <artifactId>s3</artifactId>
    </dependency>
    <dependency>
      <groupId>com.googlecode.json-simple</groupId>
      <artifactId>json-simple</artifactId>
    </dependency>
    <dependency>
      <groupId>org.springframework.retry</groupId>
      <artifactId>spring-retry</artifactId>
    </dependency>
    <dependency>
      <groupId>com.vdurmont</groupId>
      <artifactId>semver4j</artifactId>
    </dependency>
    <dependency>
      <groupId>org.apache.commons</groupId>
      <artifactId>commons-lang3</artifactId>
    </dependency>
    <dependency>
      <groupId>io.findify</groupId>
      <artifactId>s3mock_2.13</artifactId>
    </dependency>
    <dependency>
      <groupId>org.testcontainers</groupId>
      <artifactId>testcontainers</artifactId>
    </dependency>
    <dependency>
      <groupId>org.testcontainers</groupId>
      <artifactId>junit-jupiter</artifactId>
    </dependency>
    <dependency>
      <groupId>com.github.tomakehurst</groupId>
      <artifactId>wiremock-jre8</artifactId>
    </dependency>
    <dependency>
      <groupId>${project.parent.groupId}</groupId>
      <artifactId>jupiterHelpers</artifactId>
    </dependency>
    <dependency>
      <groupId>org.testcontainers</groupId>
      <artifactId>postgresql</artifactId>
    </dependency>
  </dependencies>
</project>
