<?xml version="1.0" encoding="UTF-8"?>
<project xsi:schemaLocation="http://maven.apache.org/POM/4.0.0 https://maven.apache.org/xsd/maven-4.0.0.xsd" xmlns="http://maven.apache.org/POM/4.0.0"
    xmlns:xsi="http://www.w3.org/2001/XMLSchema-instance">
  <modelVersion>4.0.0</modelVersion>
  <parent>
    <groupId>app.coronawarn.server</groupId>
    <artifactId>common</artifactId>
    <version>3.3.0-SNAPSHOT</version>
  </parent>
  <groupId>app.coronawarn.server</groupId>
  <artifactId>shared</artifactId>
  <version>3.3.0-SNAPSHOT</version>
  <dependencies>
    <dependency>
      <groupId>com.google.protobuf</groupId>
      <artifactId>protobuf-java</artifactId>
    </dependency>
    <dependency>
      <groupId>com.fasterxml.jackson.dataformat</groupId>
      <artifactId>jackson-dataformat-cbor</artifactId>
    </dependency>
    <dependency>
      <groupId>com.github.erosb</groupId>
      <artifactId>everit-json-schema</artifactId>
    </dependency>
    <dependency>
      <groupId>org.bouncycastle</groupId>
      <artifactId>bcpkix-jdk18on</artifactId>
    </dependency>
    <dependency>
      <groupId>org.slf4j</groupId>
      <artifactId>slf4j-api</artifactId>
    </dependency>
    <dependency>
      <groupId>org.springframework</groupId>
      <artifactId>spring-core</artifactId>
    </dependency>
    <dependency>
      <groupId>com.googlecode.json-simple</groupId>
      <artifactId>json-simple</artifactId>
    </dependency>
    <dependency>
      <groupId>com.upokecenter</groupId>
      <artifactId>cbor</artifactId>
    </dependency>
    <dependency>
      <groupId>org.springframework.boot</groupId>
      <artifactId>spring-boot-starter-test</artifactId>
    </dependency>
    <dependency>
      <groupId>org.testcontainers</groupId>
      <artifactId>postgresql</artifactId>
    </dependency>
    <dependency>
      <groupId>org.slf4j</groupId>
      <artifactId>slf4j-simple</artifactId>
    </dependency>
  </dependencies>
</project>
