<?xml version="1.0" encoding="UTF-8"?>
<project xsi:schemaLocation="http://maven.apache.org/POM/4.0.0 https://maven.apache.org/xsd/maven-4.0.0.xsd" xmlns="http://maven.apache.org/POM/4.0.0"
    xmlns:xsi="http://www.w3.org/2001/XMLSchema-instance">
  <modelVersion>4.0.0</modelVersion>
  <parent>
    <groupId>app.coronawarn.server</groupId>
    <artifactId>common</artifactId>
    <version>3.3.0-SNAPSHOT</version>
  </parent>
  <groupId>app.coronawarn.server</groupId>
  <artifactId>federation</artifactId>
  <version>3.3.0-SNAPSHOT</version>
  <dependencies>
    <dependency>
      <groupId>${project.parent.groupId}</groupId>
      <artifactId>protocols</artifactId>
    </dependency>
    <dependency>
      <groupId>${project.parent.groupId}</groupId>
      <artifactId>shared</artifactId>
    </dependency>
    <dependency>
      <groupId>org.springframework.cloud</groupId>
      <artifactId>spring-cloud-starter-openfeign</artifactId>
      <exclusions>
        <exclusion>
          <groupId>org.bouncycastle</groupId>
          <artifactId>bcpkix-jdk15on</artifactId>
        </exclusion>
      </exclusions>
    </dependency>
    <dependency>
      <groupId>io.github.openfeign</groupId>
      <artifactId>feign-httpclient</artifactId>
    </dependency>
    <dependency>
      <groupId>org.springframework.boot</groupId>
      <artifactId>spring-boot-starter-test</artifactId>
    </dependency>
    <dependency>
      <groupId>org.slf4j</groupId>
      <artifactId>slf4j-simple</artifactId>
    </dependency>
  </dependencies>
</project>
