<?xml version="1.0" encoding="UTF-8"?>
<Configuration status="WARN" shutdownHook="disable">
  <Properties>
    <Property name="CONSOLE_LOG_PATTERN">%d{yyyy-MM-dd'T'HH:mm:ssZ} %-5level %t %c{1.}[%pid]: %enc{%maxLen{%m}{100000}}{CRLF} %exception{10}{separator(\u2028)} %n</Property>
    <Property name="AUDIT_LOGGER_CONSOLE_PATTERN">%d{yyyy-MM-dd'T'HH:mm:ssZ} %marker %-5level %t %c{1.}[%pid]: %enc{%maxLen{%m}{100000}}{CRLF} %n</Property>
  </Properties>
  <Appenders>
    <Console name="Console" target="SYSTEM_OUT" follow="true">
      <MarkerFilter marker="AUDIT" onMatch="DENY" onMismatch="ACCEPT"/>
      <PatternLayout pattern="${sys:CONSOLE_LOG_PATTERN}" />
    </Console>
    <Console name="Audit_Out" target="SYSTEM_OUT" follow="true">
      <MarkerFilter marker="AUDIT" onMatch="ACCEPT" onMismatch="DENY"/>
      <PatternLayout pattern="${sys:AUDIT_LOGGER_CONSOLE_PATTERN}" />
    </Console>
  </Appenders>
  <Loggers>
    <Logger name="org.apache.catalina.startup.DigesterFactory" level="error" />
    <Logger name="org.apache.catalina.util.LifecycleBase" level="error" />
    <Logger name="org.apache.coyote.http11.Http11NioProtocol" level="warn" />
    <Logger name="org.apache.sshd.common.util.SecurityUtils" level="warn"/>
    <Logger name="org.apache.tomcat.util.net.NioSelectorPool" level="warn" />
    <Logger name="org.hibernate.validator.internal.util.Version" level="warn" />
    <Root level="info">
      <AppenderRef ref="Console" />
      <AppenderRef ref="Audit_Out"/>
    </Root>
  </Loggers>
</Configuration>
