<?xml version="1.0" encoding="UTF-8"?>
<project xsi:schemaLocation="http://maven.apache.org/POM/4.0.0 https://maven.apache.org/xsd/maven-4.0.0.xsd" xmlns="http://maven.apache.org/POM/4.0.0"
    xmlns:xsi="http://www.w3.org/2001/XMLSchema-instance">
  <modelVersion>4.0.0</modelVersion>
  <parent>
    <groupId>app.coronawarn.server</groupId>
    <artifactId>common</artifactId>
    <version>3.3.0-SNAPSHOT</version>
  </parent>
  <groupId>app.coronawarn.server</groupId>
  <artifactId>persistence</artifactId>
  <version>3.3.0-SNAPSHOT</version>
  <dependencies>
    <dependency>
      <groupId>${project.parent.groupId}</groupId>
      <artifactId>protocols</artifactId>
    </dependency>
    <dependency>
      <groupId>${project.parent.groupId}</groupId>
      <artifactId>shared</artifactId>
    </dependency>
    <dependency>
      <groupId>org.springframework.boot</groupId>
      <artifactId>spring-boot-starter-data-jdbc</artifactId>
    </dependency>
    <dependency>
      <groupId>org.springframework.boot</groupId>
      <artifactId>spring-boot-starter-validation</artifactId>
    </dependency>
    <dependency>
      <groupId>io.micrometer</groupId>
      <artifactId>micrometer-core</artifactId>
    </dependency>
    <dependency>
      <groupId>org.apache.commons</groupId>
      <artifactId>commons-math3</artifactId>
    </dependency>
    <dependency>
      <groupId>org.flywaydb</groupId>
      <artifactId>flyway-core</artifactId>
      <scope>runtime</scope>
    </dependency>
    <dependency>
      <groupId>org.postgresql</groupId>
      <artifactId>postgresql</artifactId>
      <scope>runtime</scope>
    </dependency>
    <dependency>
      <groupId>${project.parent.groupId}</groupId>
      <artifactId>jupiterHelpers</artifactId>
    </dependency>
    <dependency>
      <groupId>org.springframework.boot</groupId>
      <artifactId>spring-boot-starter-test</artifactId>
    </dependency>
    <dependency>
      <groupId>org.testcontainers</groupId>
      <artifactId>postgresql</artifactId>
    </dependency>
    <dependency>
      <groupId>org.slf4j</groupId>
      <artifactId>slf4j-simple</artifactId>
    </dependency>
  </dependencies>
</project>
