<?xml version="1.0" encoding="UTF-8"?>
<project xsi:schemaLocation="http://maven.apache.org/POM/4.0.0 https://maven.apache.org/xsd/maven-4.0.0.xsd" xmlns="http://maven.apache.org/POM/4.0.0"
    xmlns:xsi="http://www.w3.org/2001/XMLSchema-instance">
  <modelVersion>4.0.0</modelVersion>
  <parent>
    <groupId>app.coronawarn.server</groupId>
    <artifactId>server</artifactId>
    <version>3.3.0-SNAPSHOT</version>
  </parent>
  <groupId>app.coronawarn.server</groupId>
  <artifactId>services</artifactId>
  <version>3.3.0-SNAPSHOT</version>
  <packaging>pom</packaging>
  <modules>
    <module>distribution</module>
    <module>submission</module>
  </modules>
  <dependencies>
    <dependency>
      <groupId>org.springframework.cloud</groupId>
      <artifactId>spring-cloud-starter-bootstrap</artifactId>
      <exclusions>
        <exclusion>
          <groupId>org.bouncycastle</groupId>
          <artifactId>bcpkix-jdk15on</artifactId>
        </exclusion>
      </exclusions>
    </dependency>
    <dependency>
      <groupId>org.springframework.cloud</groupId>
      <artifactId>spring-cloud-starter-vault-config</artifactId>
    </dependency>
    <dependency>
      <groupId>${project.parent.groupId}</groupId>
      <artifactId>persistence</artifactId>
    </dependency>
    <dependency>
      <groupId>${project.parent.groupId}</groupId>
      <artifactId>federation</artifactId>
    </dependency>
    <dependency>
      <groupId>org.springframework.boot</groupId>
      <artifactId>spring-boot-starter-log4j2</artifactId>
    </dependency>
    <dependency>
      <groupId>org.springframework.boot</groupId>
      <artifactId>spring-boot-starter-test</artifactId>
    </dependency>
  </dependencies>
  <build>
    <plugins>
      <plugin>
        <groupId>org.springframework.boot</groupId>
        <artifactId>spring-boot-maven-plugin</artifactId>
      </plugin>
    </plugins>
  </build>
</project>
