<?xml version="1.0" encoding="UTF-8"?>
<ruleset comparisonMethod="maven">
  <ignoreVersions>
    <!-- Ignore Alpha's, Beta's, release candidates and milestones -->
    <ignoreVersion type="regex">(?i).*Alpha(?:-?\d+)?</ignoreVersion>
    <ignoreVersion type="regex">(?i).*Beta(?:-?\d+)?</ignoreVersion>
    <ignoreVersion type="regex">(?i).*-B(?:-?\d+)?</ignoreVersion>
    <ignoreVersion type="regex">(?i).*RC(?:-?\d+)?</ignoreVersion>
    <ignoreVersion type="regex">(?i).*CR(?:-?\d+)?</ignoreVersion>
    <ignoreVersion type="regex">(?i).*M(?:-?\d+)?</ignoreVersion>
  </ignoreVersions>
  <rules>
    <rule groupId="commons-io" artifactId="commons-io" comparisonMethod="maven">
      <ignoreVersions>
        <ignoreVersion>20030203.000550</ignoreVersion>
      </ignoreVersions>
    </rule>
    <rule groupId="commons-beanutils" artifactId="commons-beanutils" comparisonMethod="maven">
      <ignoreVersions>
        <ignoreVersion type="regex">200[0-9]{5}.*</ignoreVersion>
      </ignoreVersions>
    </rule>
    <rule groupId="org.apache.tomcat.embed" artifactId="tomcat-embed-core" comparisonMethod="maven">
      <ignoreVersions>
        <ignoreVersion type="regex">10\..*</ignoreVersion>
      </ignoreVersions>
    </rule>
    <rule groupId="org.postgresql" artifactId="postgresql" comparisonMethod="maven">
      <ignoreVersions>
        <ignoreVersion type="regex">(?i).*jre.*</ignoreVersion>
      </ignoreVersions>
    </rule>

    <rule groupId="com.google.protobuf" comparisonMethod="maven">
      <ignoreVersions>
        <ignoreVersion type="regex">3\.22\.0</ignoreVersion>
        <ignoreVersion type="regex">3\.21\.1.*</ignoreVersion>
      </ignoreVersions>
    </rule>
    <rule groupId="org.yaml" artifactId="snakeyaml" comparisonMethod="maven">
      <ignoreVersions>
        <ignoreVersion type="regex">2\..*</ignoreVersion>
      </ignoreVersions>
    </rule>

    <!-- spring 3 -->
    <rule groupId="org.springframework.boot" comparisonMethod="maven">
      <ignoreVersions>
        <ignoreVersion type="regex">3\..*</ignoreVersion>
      </ignoreVersions>
    </rule>
    <rule groupId="org.springframework.cloud" comparisonMethod="maven">
      <ignoreVersions>
        <ignoreVersion type="regex">2022\..*</ignoreVersion>
      </ignoreVersions>
    </rule>
    <rule groupId="org.springframework.vault" comparisonMethod="maven">
      <ignoreVersions>
        <ignoreVersion type="regex">3\..*</ignoreVersion>
      </ignoreVersions>
    </rule>
    <rule groupId="org.springframework.security" comparisonMethod="maven">
      <ignoreVersions>
        <ignoreVersion type="regex">6\..*</ignoreVersion>
      </ignoreVersions>
    </rule>
    <rule groupId="org.springframework.retry" comparisonMethod="maven">
      <ignoreVersions>
        <ignoreVersion type="regex">2\..*</ignoreVersion>
      </ignoreVersions>
    </rule>

  </rules>
</ruleset>