[
  {
    "update_timestamp": "2020-12-14T09:12:32,190",
    "effective_date": "2020-07-09",
    "app_downloads_daily": 67232,
    "app_downloads_cumulated": 15444142,
    "app_downloads_7days_sum": 790809,
    "app_downloads_7days_avg": 112972.71428571429,
    "app_downloads_7days_avg_growthrate": 0.5983325868132268,
    "app_downloads_7days_avg_trend_5percent": -1,
    "persons_who_shared_keys_daily": 14.0,
    "persons_who_shared_keys_cumulated": 288.0,
    "persons_who_shared_keys_7days_sum": 80.0,
    "persons_who_shared_keys_7days_avg": 11.428571428571429,
    "persons_who_shared_keys_7days_avg_growthrate": 0.5970149253731344,
    "persons_who_shared_keys_7days_avg_trend_5percent": -1,
    "tests_total_daily": 0.0,
    "labs_registered_cumulated": 147,
    "labs_connected_cumulated": 92,
    "seven_day_incidence_1st_reported_daily": 598.1290138223786,
    "seven_day_incidence_1st_reported_growthrate": 1.0526648280014161,
    "seven_day_incidence_1st_reported_trend_1percent": 1,
    "infections_effective_daily": 395,
    "infections_effective_cumulated": 198178,
    "infections_effective_7days_avg": 357.7142857142857,
    "infections_effective_7days_avg_growthrate": 0.8030788967286722,
    "infections_effective_7days_avg_trend_5percent": -1,
    "seven_day_r_value_published_daily": 0.83,
    "seven_day_r_value_published_growthrate": 0.9651162790697674,
    "seven_day_r_value_published_trend_1percent": -1,
    "seven_day_r_value_1st_reported_daily": 0.91,
    "seven_day_r_value_1st_reported_growthrate": 0.9578947368421054,
    "seven_day_r_value_1st_reported_trend_1percent": -1,
    "administered_doses_daily": 843978,
    "administered_doses_7days_avg": 656704.8571428572,
    "administered_doses_cumulated": 41517849,
    "administered_doses_7days_avg_growthrate": 0.860829557981926,
    "administered_doses_7days_avg_trend_5percent": -1,
    "persons_with_first_dose_cumulated": 31678786,
    "persons_with_first_dose_ratio": 0.38100001215934753,
    "persons_fully_vaccinated_cumulated": 9901626,
    "persons_fully_vaccinated_ratio": 0.11900000274181366,
    "persons_with_third_dose_cumulated": 56033026,
    "persons_with_third_dose_ratio": 0.674,
    "seven_day_hospitalization_1st_reported_daily": 168.5,
    "seven_day_hospitalization_1st_reported_growthrate": 0.86,
    "seven_day_hospitalization_1st_reported_trend_1percent": 1,
    "occupied_intensive_care_beds_reported_daily_ratio": 0.11900000274181366,
    "occupied_intensive_care_beds_reported_daily_ratio_growthrate": 0.86,
    "occupied_intensive_care_beds_reported_daily_ratio_trend_1percent": 1
  }
]
