<?xml version="1.0" encoding="UTF-8"?>
<project xsi:schemaLocation="http://maven.apache.org/POM/4.0.0 https://maven.apache.org/xsd/maven-4.0.0.xsd" xmlns="http://maven.apache.org/POM/4.0.0"
    xmlns:xsi="http://www.w3.org/2001/XMLSchema-instance">
  <modelVersion>4.0.0</modelVersion>
  <groupId>app.coronawarn.server</groupId>
  <artifactId>server</artifactId>
  <version>3.3.0-SNAPSHOT</version>
  <packaging>pom</packaging>
  <name>server</name>
  <description>CWA Server</description>
  <url>https://www.coronawarn.app/</url>
  <organization>
    <name>SAP SE</name>
    <url>https://www.sap.com/</url>
  </organization>
  <modules>
    <module>common</module>
    <module>services</module>
  </modules>
  <scm>
    <url>https://github.com/corona-warn-app/cwa-server</url>
  </scm>
  <issueManagement>
    <url>https://github.com/corona-warn-app/cwa-server/issues</url>
  </issueManagement>
  <ciManagement>
    <url>https://app.circleci.com/pipelines/github/corona-warn-app/cwa-server</url>
  </ciManagement>
  <properties>
    <wiremock.version>2.35.0</wiremock.version>
    <sonar.host.url>https://sonarcloud.io</sonar.host.url>
    <spring-retry.version>1.3.4</spring-retry.version>
    <maven.compiler.debuglevel>lines,vars,source</maven.compiler.debuglevel>
    <commons-math3.version>3.6.1</commons-math3.version>
    <guava.version>31.1-jre</guava.version>
    <jackson.version>2.15.0</jackson.version>
    <tomcat.version>9.0.74</tomcat.version>
    <spring-boot.version>2.7.11</spring-boot.version>
    <commons-beanutils.version>1.9.4</commons-beanutils.version>
    <semver4j.version>3.1.0</semver4j.version>
    <test-containers.version>1.18.0</test-containers.version>
    <spring-cloud.version>2021.0.7</spring-cloud.version>
    <httpclient.version>4.5.14</httpclient.version>
    <everit-json-schema.version>1.14.2</everit-json-schema.version>
    <json-simple.version>1.1.1</json-simple.version>
    <spring-security.version>5.8.3</spring-security.version>
    <slf4j.version>2.0.6</slf4j.version>
    <protobuf.version>3.21.9</protobuf.version>
    <project.build.sourceEncoding>${encoding}</project.build.sourceEncoding>
    <upokecenter-cbor.version>4.5.2</upokecenter-cbor.version>
    <log4j.version>2.20.0</log4j.version>
    <junit.version>4.13.2</junit.version>
    <commons-io.version>2.11.0</commons-io.version>
    <sonar.coverage.exclusions>**/distribution/runner/RevRetentionPolicy*</sonar.coverage.exclusions>
    <commons-fileupload.version>1.5</commons-fileupload.version>
    <jupiter.version>5.9.3</jupiter.version>
    <maven.compiler.debug>true</maven.compiler.debug>
    <snakeyaml.version>1.33</snakeyaml.version>
    <findify-s3mock.version>0.2.6</findify-s3mock.version>
    <java.version>17</java.version>
    <bouncycastle.version>1.73</bouncycastle.version>
    <maven.compiler.source>${java.version}</maven.compiler.source>
    <io-netty.version>4.1.92.Final</io-netty.version>
    <json.version>20230227</json.version>
    <sonar.organization>corona-warn-app</sonar.organization>
    <encoding>UTF-8</encoding>
    <feign.version>12.3</feign.version>
    <project.reporting.outputEncoding>${encoding}</project.reporting.outputEncoding>
    <spring-vault-core.version>2.3.3</spring-vault-core.version>
    <awssdk-s3.version>2.20.13</awssdk-s3.version>
    <maven.compiler.target>${java.version}</maven.compiler.target>
    <sonar.projectKey>${sonar.organization}_cwa-${project.artifactId}</sonar.projectKey>
    <checkstyle.version>10.11.0</checkstyle.version>
    <postgresql.version>42.6.0</postgresql.version>
  </properties>
  <dependencyManagement>
    <dependencies>
      <dependency>
        <groupId>${project.groupId}</groupId>
        <artifactId>shared</artifactId>
        <version>${project.version}</version>
      </dependency>
      <dependency>
        <groupId>${project.groupId}</groupId>
        <artifactId>persistence</artifactId>
        <version>${project.version}</version>
      </dependency>
      <dependency>
        <groupId>${project.groupId}</groupId>
        <artifactId>protocols</artifactId>
        <version>${project.version}</version>
      </dependency>
      <dependency>
        <groupId>${project.groupId}</groupId>
        <artifactId>federation</artifactId>
        <version>${project.version}</version>
      </dependency>
      <dependency>
        <groupId>${project.groupId}</groupId>
        <artifactId>jupiterHelpers</artifactId>
        <version>${project.version}</version>
        <scope>test</scope>
      </dependency>
      <dependency>
        <groupId>org.springframework.security</groupId>
        <artifactId>spring-security-core</artifactId>
        <version>${spring-security.version}</version>
      </dependency>
      <dependency>
        <groupId>org.springframework.security</groupId>
        <artifactId>spring-security-config</artifactId>
        <version>${spring-security.version}</version>
      </dependency>
      <dependency>
        <groupId>org.springframework.security</groupId>
        <artifactId>spring-security-web</artifactId>
        <version>${spring-security.version}</version>
      </dependency>
      <dependency>
        <groupId>org.springframework.security</groupId>
        <artifactId>spring-security-crypto</artifactId>
        <version>${spring-security.version}</version>
      </dependency>
      <dependency>
        <groupId>org.springframework.boot</groupId>
        <artifactId>spring-boot-dependencies</artifactId>
        <version>${spring-boot.version}</version>
        <type>pom</type>
        <scope>import</scope>
      </dependency>
      <dependency>
        <groupId>org.springframework.cloud</groupId>
        <artifactId>spring-cloud-dependencies</artifactId>
        <version>${spring-cloud.version}</version>
        <type>pom</type>
        <scope>import</scope>
      </dependency>
      <dependency>
        <groupId>org.springframework.boot</groupId>
        <artifactId>spring-boot-starter</artifactId>
        <version>${spring-boot.version}</version>
        <exclusions>
          <exclusion>
            <groupId>org.springframework.boot</groupId>
            <artifactId>spring-boot-starter-logging</artifactId>
          </exclusion>
        </exclusions>
      </dependency>
      <dependency>
        <groupId>org.springframework.boot</groupId>
        <artifactId>spring-boot-starter-log4j2</artifactId>
        <version>${spring-boot.version}</version>
        <scope>runtime</scope>
      </dependency>
      <dependency>
        <groupId>org.springframework.boot</groupId>
        <artifactId>spring-boot-starter-web</artifactId>
        <version>${spring-boot.version}</version>
        <exclusions>
          <exclusion>
            <groupId>org.apache.tomcat.embed</groupId>
            <artifactId>tomcat-embed-websocket</artifactId>
          </exclusion>
        </exclusions>
      </dependency>
      <dependency>
        <groupId>org.springframework.boot</groupId>
        <artifactId>spring-boot-starter-test</artifactId>
        <version>${spring-boot.version}</version>
        <scope>test</scope>
        <exclusions>
          <exclusion>
            <groupId>org.junit.vintage</groupId>
            <artifactId>junit-vintage-engine</artifactId>
          </exclusion>
          <exclusion>
            <groupId>com.vaadin.external.google</groupId>
            <artifactId>android-json</artifactId>
          </exclusion>
        </exclusions>
      </dependency>
      <dependency>
        <groupId>org.springframework.vault</groupId>
        <artifactId>spring-vault-core</artifactId>
        <version>${spring-vault-core.version}</version>
      </dependency>
      <dependency>
        <groupId>com.google.protobuf</groupId>
        <artifactId>protobuf-java</artifactId>
        <version>${protobuf.version}</version>
      </dependency>
      <dependency>
        <groupId>com.googlecode.json-simple</groupId>
        <artifactId>json-simple</artifactId>
        <version>${json-simple.version}</version>
      </dependency>
      <dependency>
        <groupId>io.github.openfeign</groupId>
        <artifactId>feign-httpclient</artifactId>
        <version>${feign.version}</version>
      </dependency>
      <dependency>
        <groupId>io.github.openfeign</groupId>
        <artifactId>feign-core</artifactId>
        <version>${feign.version}</version>
      </dependency>
      <dependency>
        <groupId>org.apache.logging.log4j</groupId>
        <artifactId>log4j-core</artifactId>
        <version>${log4j.version}</version>
      </dependency>
      <dependency>
        <groupId>org.apache.logging.log4j</groupId>
        <artifactId>log4j-jul</artifactId>
        <version>${log4j.version}</version>
      </dependency>
      <dependency>
        <groupId>org.apache.logging.log4j</groupId>
        <artifactId>log4j-slf4j-impl</artifactId>
        <version>${log4j.version}</version>
      </dependency>
      <dependency>
        <groupId>org.apache.logging.log4j</groupId>
        <artifactId>log4j-api</artifactId>
        <version>${log4j.version}</version>
      </dependency>
      <dependency>
        <groupId>org.apache.commons</groupId>
        <artifactId>commons-math3</artifactId>
        <version>${commons-math3.version}</version>
      </dependency>
      <dependency>
        <groupId>commons-fileupload</groupId>
        <artifactId>commons-fileupload</artifactId>
        <version>${commons-fileupload.version}</version>
      </dependency>
      <dependency>
        <groupId>org.bouncycastle</groupId>
        <artifactId>bcpkix-jdk18on</artifactId>
        <version>${bouncycastle.version}</version>
      </dependency>
      <dependency>
        <groupId>software.amazon.awssdk</groupId>
        <artifactId>s3</artifactId>
        <version>${awssdk-s3.version}</version>
      </dependency>
      <dependency>
        <groupId>io.netty</groupId>
        <artifactId>netty-codec-http</artifactId>
        <version>${io-netty.version}</version>
      </dependency>
      <dependency>
        <groupId>org.springframework.retry</groupId>
        <artifactId>spring-retry</artifactId>
        <version>${spring-retry.version}</version>
      </dependency>
      <dependency>
        <groupId>com.github.erosb</groupId>
        <artifactId>everit-json-schema</artifactId>
        <version>${everit-json-schema.version}</version>
      </dependency>
      <dependency>
        <groupId>org.json</groupId>
        <artifactId>json</artifactId>
        <version>${json.version}</version>
      </dependency>
      <dependency>
        <groupId>commons-beanutils</groupId>
        <artifactId>commons-beanutils</artifactId>
        <version>${commons-beanutils.version}</version>
      </dependency>
      <dependency>
        <groupId>commons-io</groupId>
        <artifactId>commons-io</artifactId>
        <version>${commons-io.version}</version>
      </dependency>
      <dependency>
        <groupId>com.google.guava</groupId>
        <artifactId>guava</artifactId>
        <version>${guava.version}</version>
        <scope>runtime</scope>
      </dependency>
      <dependency>
        <groupId>org.apache.httpcomponents</groupId>
        <artifactId>httpclient</artifactId>
        <version>${httpclient.version}</version>
      </dependency>
      <dependency>
        <groupId>com.vdurmont</groupId>
        <artifactId>semver4j</artifactId>
        <version>${semver4j.version}</version>
      </dependency>
      <dependency>
        <groupId>org.yaml</groupId>
        <artifactId>snakeyaml</artifactId>
        <version>${snakeyaml.version}</version>
      </dependency>
      <dependency>
        <groupId>org.postgresql</groupId>
        <artifactId>postgresql</artifactId>
        <version>${postgresql.version}</version>
        <scope>runtime</scope>
      </dependency>
      <dependency>
        <groupId>org.springframework.security</groupId>
        <artifactId>spring-security-test</artifactId>
        <version>${spring-security.version}</version>
        <scope>test</scope>
      </dependency>
      <dependency>
        <groupId>org.testcontainers</groupId>
        <artifactId>testcontainers</artifactId>
        <version>${test-containers.version}</version>
        <scope>test</scope>
      </dependency>
      <dependency>
        <groupId>org.testcontainers</groupId>
        <artifactId>junit-jupiter</artifactId>
        <version>${test-containers.version}</version>
        <scope>test</scope>
      </dependency>
      <dependency>
        <groupId>com.github.tomakehurst</groupId>
        <artifactId>wiremock-jre8</artifactId>
        <version>${wiremock.version}</version>
        <scope>test</scope>
      </dependency>
      <dependency>
        <groupId>org.testcontainers</groupId>
        <artifactId>postgresql</artifactId>
        <version>${test-containers.version}</version>
        <scope>test</scope>
      </dependency>
      <dependency>
        <groupId>com.google.protobuf</groupId>
        <artifactId>protobuf-java-util</artifactId>
        <version>${protobuf.version}</version>
        <scope>test</scope>
      </dependency>
      <dependency>
        <groupId>junit</groupId>
        <artifactId>junit</artifactId>
        <version>${junit.version}</version>
        <scope>test</scope>
      </dependency>
      <dependency>
        <groupId>org.junit.jupiter</groupId>
        <artifactId>junit-jupiter</artifactId>
        <version>${jupiter.version}</version>
      </dependency>
      <dependency>
        <groupId>org.apache.tomcat.embed</groupId>
        <artifactId>tomcat-embed-core</artifactId>
        <version>${tomcat.version}</version>
      </dependency>
      <dependency>
        <groupId>org.apache.tomcat.embed</groupId>
        <artifactId>tomcat-embed-el</artifactId>
        <version>${tomcat.version}</version>
      </dependency>
      <dependency>
        <groupId>org.apache.tomcat</groupId>
        <artifactId>tomcat-annotations-api</artifactId>
        <version>${tomcat.version}</version>
      </dependency>
      <dependency>
        <groupId>io.findify</groupId>
        <artifactId>s3mock_2.13</artifactId>
        <version>${findify-s3mock.version}</version>
        <scope>test</scope>
      </dependency>
      <dependency>
        <groupId>com.fasterxml.jackson.dataformat</groupId>
        <artifactId>jackson-dataformat-cbor</artifactId>
        <version>${jackson.version}</version>
      </dependency>
      <dependency>
        <groupId>com.fasterxml.jackson.core</groupId>
        <artifactId>jackson-core</artifactId>
        <version>${jackson.version}</version>
      </dependency>
      <dependency>
        <groupId>org.slf4j</groupId>
        <artifactId>slf4j-simple</artifactId>
        <version>${slf4j.version}</version>
        <scope>test</scope>
      </dependency>
      <dependency>
        <groupId>com.upokecenter</groupId>
        <artifactId>cbor</artifactId>
        <version>${upokecenter-cbor.version}</version>
      </dependency>
    </dependencies>
  </dependencyManagement>
  <build>
    <extensions>
      <extension>
        <groupId>kr.motd.maven</groupId>
        <artifactId>os-maven-plugin</artifactId>
        <version>1.7.1</version>
      </extension>
    </extensions>
    <pluginManagement>
      <plugins>
        <plugin>
          <artifactId>maven-checkstyle-plugin</artifactId>
          <version>3.2.2</version>
          <executions>
            <execution>
              <id>validate</id>
              <phase>validate</phase>
              <goals>
                <goal>check</goal>
              </goals>
            </execution>
          </executions>
          <dependencies>
            <dependency>
              <groupId>com.puppycrawl.tools</groupId>
              <artifactId>checkstyle</artifactId>
              <version>${checkstyle.version}</version>
            </dependency>
          </dependencies>
        </plugin>
        <plugin>
          <artifactId>maven-compiler-plugin</artifactId>
          <version>3.11.0</version>
          <configuration>
            <compilerArgs>
              <arg>-Xlint:all</arg>
            </compilerArgs>
            <parameters>true</parameters>
          </configuration>
        </plugin>
        <plugin>
          <artifactId>maven-dependency-plugin</artifactId>
          <version>3.5.0</version>
        </plugin>
        <plugin>
          <artifactId>maven-clean-plugin</artifactId>
          <version>3.2.0</version>
        </plugin>
        <plugin>
          <artifactId>maven-deploy-plugin</artifactId>
          <version>3.1.1</version>
        </plugin>
        <plugin>
          <artifactId>maven-install-plugin</artifactId>
          <version>3.1.1</version>
        </plugin>
        <plugin>
          <artifactId>maven-jar-plugin</artifactId>
          <version>3.3.0</version>
        </plugin>
        <plugin>
          <artifactId>maven-resources-plugin</artifactId>
          <version>3.3.1</version>
        </plugin>
        <plugin>
          <artifactId>maven-enforcer-plugin</artifactId>
          <version>3.3.0</version>
          <executions>
            <execution>
              <id>Project Structure Checks</id>
              <goals>
                <goal>enforce</goal>
              </goals>
              <configuration>
                <rules>
                  <requireMavenVersion>
                    <version>[3.6.0,)</version>
                  </requireMavenVersion>
                  <requireJavaVersion>
                    <version>${java.version}</version>
                  </requireJavaVersion>
                  <reactorModuleConvergence />
                </rules>
                <fail>true</fail>
              </configuration>
            </execution>
          </executions>
        </plugin>
        <plugin>
          <artifactId>maven-failsafe-plugin</artifactId>
          <version>3.1.0</version>
          <executions>
            <execution>
              <goals>
                <goal>integration-test</goal>
                <goal>verify</goal>
              </goals>
              <configuration>
                <forkedProcessExitTimeoutInSeconds>120</forkedProcessExitTimeoutInSeconds>
                <includes>
                  <include>**/*IT.java</include>
                  <include>**/*IntegrationTest.java</include>
                </includes>
                <additionalClasspathElements>
                  <additionalClasspathElement>${basedir}/target/classes</additionalClasspathElement>
                </additionalClasspathElements>
                <parallel>none</parallel>
                <systemPropertyVariables>
                  <org.slf4j.simpleLogger.defaultLogLevel>off</org.slf4j.simpleLogger.defaultLogLevel>
                  <logging.level.>OFF</logging.level.>
                  <log4j2.level>OFF</log4j2.level>
                  <log4j.rootLogger>OFF</log4j.rootLogger>
                  <LOG4J_LEVEL>OFF</LOG4J_LEVEL>
                  <SPRING_MAIN_BANNER-MODE>off</SPRING_MAIN_BANNER-MODE>
                </systemPropertyVariables>
              </configuration>
            </execution>
          </executions>
        </plugin>
        <plugin>
          <artifactId>maven-javadoc-plugin</artifactId>
          <version>3.5.0</version>
          <configuration>
            <bottom>&lt;script>
                    if (typeof useModuleDirectories !== 'undefined') {
                      useModuleDirectories = false;
                    }
                    &lt;/script></bottom>
            <additionalJOption>--allow-script-in-comments</additionalJOption>
            <failOnError>false</failOnError>
          </configuration>
        </plugin>
        <plugin>
          <artifactId>maven-project-info-reports-plugin</artifactId>
          <version>3.4.3</version>
        </plugin>
        <plugin>
          <artifactId>maven-site-plugin</artifactId>
          <version>3.12.1</version>
        </plugin>
        <plugin>
          <artifactId>maven-surefire-plugin</artifactId>
          <version>3.1.0</version>
          <configuration>
            <forkedProcessExitTimeoutInSeconds>60</forkedProcessExitTimeoutInSeconds>
            <excludedGroups>s3-integration</excludedGroups>
            <trimStackTrace>false</trimStackTrace>
            <excludes>
              <exclude>**/*IntegrationTest.java</exclude>
              <exclude>**/*IT.java</exclude>
            </excludes>
            <systemPropertyVariables>
              <org.slf4j.simpleLogger.defaultLogLevel>off</org.slf4j.simpleLogger.defaultLogLevel>
              <logging.level.>OFF</logging.level.>
              <log4j2.level>OFF</log4j2.level>
              <log4j.rootLogger>OFF</log4j.rootLogger>
              <LOG4J_LEVEL>OFF</LOG4J_LEVEL>
              <SPRING_MAIN_BANNER-MODE>off</SPRING_MAIN_BANNER-MODE>
            </systemPropertyVariables>
          </configuration>
        </plugin>
        <plugin>
          <artifactId>maven-surefire-report-plugin</artifactId>
          <version>3.1.0</version>
        </plugin>
        <plugin>
          <groupId>org.codehaus.mojo</groupId>
          <artifactId>versions-maven-plugin</artifactId>
          <version>2.15.0</version>
          <configuration>
            <rulesUri>file:///${session.executionRootDirectory}/.mvn/maven-version-rules.xml</rulesUri>
          </configuration>
        </plugin>
        <plugin>
          <groupId>org.codehaus.mojo</groupId>
          <artifactId>flatten-maven-plugin</artifactId>
          <version>1.5.0</version>
          <executions>
            <execution>
              <id>flatten</id>
              <phase>process-resources</phase>
              <goals>
                <goal>flatten</goal>
              </goals>
            </execution>
            <execution>
              <id>flatten-clean</id>
              <phase>clean</phase>
              <goals>
                <goal>clean</goal>
              </goals>
            </execution>
          </executions>
          <configuration>
            <updatePomFile>true</updatePomFile>
            <flattenMode>resolveCiFriendliesOnly</flattenMode>
          </configuration>
        </plugin>
        <plugin>
          <groupId>org.jacoco</groupId>
          <artifactId>jacoco-maven-plugin</artifactId>
          <version>0.8.10</version>
          <executions>
            <execution>
              <goals>
                <goal>prepare-agent</goal>
              </goals>
            </execution>
            <execution>
              <id>report</id>
              <phase>verify</phase>
              <goals>
                <goal>report</goal>
              </goals>
            </execution>
          </executions>
        </plugin>
        <plugin>
          <groupId>org.springframework.boot</groupId>
          <artifactId>spring-boot-maven-plugin</artifactId>
          <version>${spring-boot.version}</version>
          <executions>
            <execution>
              <id>repackage</id>
              <phase>post-integration-test</phase>
              <goals>
                <goal>repackage</goal>
              </goals>
            </execution>
          </executions>
          <configuration>
            <mainClass>${start-class}</mainClass>
          </configuration>
        </plugin>
        <plugin>
          <groupId>org.xolstice.maven.plugins</groupId>
          <artifactId>protobuf-maven-plugin</artifactId>
          <version>0.6.1</version>
          <executions>
            <execution>
              <goals>
                <goal>compile</goal>
              </goals>
            </execution>
          </executions>
          <configuration>
            <protocArtifact>com.google.protobuf:protoc:${protobuf.version}:exe:${os.detected.classifier}</protocArtifact>
          </configuration>
        </plugin>
        <plugin>
          <groupId>org.codehaus.mojo</groupId>
          <artifactId>exec-maven-plugin</artifactId>
          <version>3.1.0</version>
        </plugin>
        <plugin>
          <groupId>org.sonarsource.scanner.maven</groupId>
          <artifactId>sonar-maven-plugin</artifactId>
          <version>3.9.1.2184</version>
        </plugin>
      </plugins>
    </pluginManagement>
    <plugins>
      <plugin>
        <artifactId>maven-checkstyle-plugin</artifactId>
        <executions>
          <execution>
            <id>validate</id>
            <phase>validate</phase>
            <goals>
              <goal>check</goal>
            </goals>
          </execution>
        </executions>
        <configuration>
          <configLocation>codestyle/checkstyle.xml</configLocation>
          <excludes>**/module-info.java,**/target/**/*,**/protocols/**/*</excludes>
          <consoleOutput>true</consoleOutput>
          <failsOnError>true</failsOnError>
          <violationSeverity>warning</violationSeverity>
          <failOnViolation>true</failOnViolation>
          <linkXRef>false</linkXRef>
        </configuration>
      </plugin>
      <plugin>
        <artifactId>maven-dependency-plugin</artifactId>
      </plugin>
      <plugin>
        <artifactId>maven-enforcer-plugin</artifactId>
      </plugin>
      <plugin>
        <artifactId>maven-project-info-reports-plugin</artifactId>
      </plugin>
      <plugin>
        <artifactId>maven-site-plugin</artifactId>
      </plugin>
      <plugin>
        <artifactId>maven-surefire-plugin</artifactId>
      </plugin>
      <plugin>
        <artifactId>maven-failsafe-plugin</artifactId>
      </plugin>
      <plugin>
        <groupId>org.codehaus.mojo</groupId>
        <artifactId>flatten-maven-plugin</artifactId>
      </plugin>
      <plugin>
        <groupId>org.jacoco</groupId>
        <artifactId>jacoco-maven-plugin</artifactId>
      </plugin>
    </plugins>
  </build>
  <reporting>
    <plugins>
      <plugin>
        <artifactId>maven-javadoc-plugin</artifactId>
      </plugin>
      <plugin>
        <artifactId>maven-surefire-plugin</artifactId>
      </plugin>
      <plugin>
        <artifactId>maven-surefire-report-plugin</artifactId>
        <reportSets>
          <reportSet>
            <id>integration-test</id>
            <reports>
              <report>failsafe-report-only</report>
            </reports>
          </reportSet>
        </reportSets>
      </plugin>
      <plugin>
        <groupId>org.codehaus.mojo</groupId>
        <artifactId>versions-maven-plugin</artifactId>
        <reportSets>
          <reportSet>
            <reports>
              <report>dependency-updates-report</report>
              <report>plugin-updates-report</report>
              <report>property-updates-report</report>
            </reports>
          </reportSet>
        </reportSets>
      </plugin>
    </plugins>
  </reporting>
  <profiles>
    <profile>
      <id>local-build</id>
      <activation>
        <activeByDefault>true</activeByDefault>
      </activation>
      <properties>
        <docker.skip>true</docker.skip>
        <skipITs>true</skipITs>
      </properties>
    </profile>
    <profile>
      <id>integration-test</id>
      <activation />
      <properties>
        <skipITs>false</skipITs>
      </properties>
    </profile>
    <profile>
      <id>docker-image</id>
      <activation />
      <properties>
        <checkstyle.skip>true</checkstyle.skip>
        <docker.skip>true</docker.skip>
        <skipITs>true</skipITs>
        <skipTests>true</skipTests>
        <jacoco.skip>true</jacoco.skip>
      </properties>
    </profile>
  </profiles>
</project>
