<?xml version="1.0" encoding="UTF-8"?>
<project xsi:schemaLocation="http://maven.apache.org/POM/4.0.0 https://maven.apache.org/xsd/maven-4.0.0.xsd" xmlns="http://maven.apache.org/POM/4.0.0"
    xmlns:xsi="http://www.w3.org/2001/XMLSchema-instance">
  <modelVersion>4.0.0</modelVersion>
  <parent>
    <groupId>app.coronawarn.server</groupId>
    <artifactId>server</artifactId>
    <version>3.3.0-SNAPSHOT</version>
  </parent>
  <groupId>app.coronawarn.server</groupId>
  <artifactId>common</artifactId>
  <version>3.3.0-SNAPSHOT</version>
  <packaging>pom</packaging>
  <modules>
    <module>jupiterHelpers</module>
    <module>shared</module>
    <module>protocols</module>
    <module>persistence</module>
    <module>federation</module>
  </modules>
</project>
